"year"	"country"	"fdi"
2003	"Albania"	-1e+06
2003	"Algeria"	6.36e+08
2003	"Andorra"	0
2003	"Angola"	-3.6e+07
2003	"Anguilla"	-2e+06
2003	"Antigua and Barbuda"	-4e+06
2003	"Argentina"	-1.18e+08
2003	"Armenia"	0
2003	"Aruba"	-4.68e+08
2003	"Australia"	7.717e+09
2003	"Austria"	1.609e+09
2003	"Azerbaijan"	2.07e+08
2003	"Bahamas"	2.68e+08
2003	"Bahrain"	6e+07
2003	"Bangladesh"	-2.2e+07
2003	"Barbados"	-5.22e+08
2003	"Belarus"	0
2003	"Belgium"	7.21e+08
2003	"Belize"	2e+06
2003	"Benin"	0
2003	"Bermuda"	-3.778e+09
2003	"Bhutan"	1e+06
2003	"Bolivia"	1.2e+07
2003	"Bosnia and Herzegovina"	0
2003	"Botswana"	-9e+06
2003	"Brazil"	-2.9e+08
2003	"Brunei Darussalam"	4e+06
2003	"Bulgaria"	8e+06
2003	"Burkina Faso"	0
2003	"Cambodia"	0
2003	"Cameroon"	1.63e+08
2003	"Canada"	1.734e+10
2003	"Central African Republic"	0
2003	"Chad"	NA
2003	"Chile"	2.02e+08
2003	"China"	1.273e+09
2003	"Colombia"	5.04e+08
2003	"Congo"	-2.6e+07
2003	"Congo, the Democratic Republic of the"	-7e+07
2003	"Costa Rica"	7.5e+07
2003	"Côte d'Ivoire"	2e+07
2003	"Croatia"	-8e+07
2003	"Cuba"	-1e+06
2003	"Cyprus"	1.7e+07
2003	"Czech Republic"	1.72e+08
2003	"Denmark"	-1.602e+09
2003	"Djibouti"	-1e+06
2003	"Dominica"	NA
2003	"Dominican Republic"	-9.9e+07
2003	"Ecuador"	2.43e+08
2003	"Egypt"	4.7e+08
2003	"El Salvador"	-1.7e+07
2003	"Equatorial Guinea"	1.025e+09
2003	"Eritrea"	-1.4e+07
2003	"Estonia"	1e+06
2003	"Ethiopia"	1e+06
2003	"Fiji"	NA
2003	"Finland"	2.21e+08
2003	"France"	1.074e+09
2003	"Gabon"	1.1e+07
2003	"Georgia"	-2.88e+08
2003	"Germany"	4.376e+09
2003	"Ghana"	4e+06
2003	"Gibraltar"	5.7e+07
2003	"Greece"	4.4e+07
2003	"Greenland"	-1e+06
2003	"Grenada"	0
2003	"Guatemala"	1e+07
2003	"Guinea"	NA
2003	"Guyana"	4e+06
2003	"Haiti"	1e+07
2003	"Honduras"	8.3e+07
2003	"HongKong"	-6.89e+08
2003	"Hungary"	2.35e+08
2003	"Iceland"	0
2003	"India"	3.54e+08
2003	"Indonesia"	NA
2003	"Iran, Islamic Republic of"	1e+06
2003	"Iraq"	5.3e+07
2003	"Ireland"	7.408e+09
2003	"Israel"	1.263e+09
2003	"Italy"	2.862e+09
2003	"Jamaica"	3.34e+08
2003	"Japan"	8.67e+08
2003	"Jordan"	NA
2003	"Kazakhstan"	1.68e+08
2003	"Kenya"	7e+06
2003	"Korea, Republic of (South Korea)"	1.231e+09
2003	"Kuwait"	NA
2003	"Kyrgyzstan"	-1e+06
2003	"Lao People's Democratic Republic"	0
2003	"Latvia"	NA
2003	"Lebanon"	1.9e+07
2003	"Lesotho"	0
2003	"Liberia"	4.7e+07
2003	"Libya"	4e+06
2003	"Liechtenstein"	2.9e+07
2003	"Lithuania"	NA
2003	"Luxembourg"	8.08e+09
2003	"Macao"	NA
2003	"Macedonia, the Former Yugoslav Republic of"	0
2003	"Madagascar"	0
2003	"Malawi"	0
2003	"Malaysia"	4.16e+08
2003	"Mali"	NA
2003	"Malta"	NA
2003	"Marshall Islands"	1.37e+08
2003	"Mauritania"	0
2003	"Mauritius"	-1.3e+07
2003	"Mexico"	3.664e+09
2003	"Micronesia, Federal States of"	NA
2003	"Moldova, Republic of"	0
2003	"Morocco"	1.8e+07
2003	"Mozambique"	1e+06
2003	"Myanmar"	NA
2003	"Namibia"	0
2003	"Nauru"	1e+06
2003	"Nepal"	0
2003	"Netherlands"	1.5502e+10
2003	"Netherlands Antilles"	-1.7e+07
2003	"New Zealand"	-6e+07
2003	"Nicaragua"	2.3e+07
2003	"Niger"	-1e+06
2003	"Nigeria"	1.73e+08
2003	"Norway"	9.61e+08
2003	"Oman"	1.63e+08
2003	"Pakistan"	1.91e+08
2003	"Palau"	NA
2003	"Panama"	3.53e+08
2003	"Papua New Guinea"	-1e+07
2003	"Paraguay"	9e+06
2003	"Peru"	2.96e+08
2003	"Philippines"	-2.2e+07
2003	"Poland"	2.04e+08
2003	"Portugal"	-5.85e+08
2003	"Qatar"	6.65e+08
2003	"Romania"	6.5e+07
2003	"Russian Federation"	4.87e+08
2003	"Samoa"	0
2003	"Sao Tome and Principe"	0
2003	"Saudi Arabia"	-1.245e+09
2003	"Senegal"	-1.1e+07
2003	"Serbia and Montenegro"	-5e+06
2003	"Seychelles"	NA
2003	"Sierra Leone"	2e+06
2003	"Singapore"	5.446e+09
2003	"Slovakia"	1.75e+08
2003	"Slovenia"	4e+06
2003	"Somalia"	0
2003	"South Africa"	2.32e+08
2003	"Spain"	1.82e+09
2003	"Sri Lanka"	1.4e+07
2003	"St. Kitts and Nevis"	0
2003	"St. Lucia"	NA
2003	"St. Vincent and the Grenadines"	0
2003	"Sudan"	-2e+06
2003	"Suriname"	8.2e+07
2003	"Swaziland"	NA
2003	"Sweden"	2.27e+09
2003	"Switzerland"	1.4462e+10
2003	"Syrian Arab Republic"	NA
2003	"Taiwan, Province of China"	8.59e+08
2003	"Tanzania, United Republic of"	-7e+06
2003	"Thailand"	-6.27e+08
2003	"Timor-Leste"	NA
2003	"Togo"	0
2003	"Tonga"	0
2003	"Trinidad and Tobago"	1.17e+08
2003	"Tunisia"	6e+06
2003	"Turkey"	8.3e+07
2003	"Turkmenistan"	NA
2003	"Uganda"	0
2003	"Ukraine"	3.3e+07
2003	"United Arab Emirates"	1.86e+08
2003	"United Kingdom"	2.6738e+10
2003	"Uruguay"	-1.7e+07
2003	"Uzbekistan"	-1.3e+07
2003	"Vanuatu"	NA
2003	"Venezuela"	-4.62e+08
2003	"Vietnam"	1.5e+07
2003	"VirginIslands, British"	3.314e+09
2003	"Yemen"	6.6e+07
2003	"Zambia"	-4e+06
2003	"Zimbabwe"	4.2e+07
2004	"Afghanistan"	0
2004	"Algeria"	-2.05e+08
2004	"Angola"	-2.2e+07
2004	"Anguilla"	-4e+06
2004	"Antigua and Barbuda"	2e+06
2004	"Argentina"	1.76e+09
2004	"Armenia"	1e+06
2004	"Aruba"	-1.9e+08
2004	"Australia"	NA
2004	"Austria"	4.4e+07
2004	"Azerbaijan"	8.64e+08
2004	"Bahamas"	1.175e+09
2004	"Bahrain"	2.7e+07
2004	"Bangladesh"	-2e+06
2004	"Barbados"	1.526e+09
2004	"Belarus"	NA
2004	"Belgium"	6.367e+09
2004	"Belize"	4.9e+07
2004	"Benin"	5.2e+07
2004	"Bermuda"	4.365e+09
2004	"Bolivia"	-1.39e+08
2004	"Bosnia and Herzegovina"	NA
2004	"Botswana"	3e+06
2004	"Brazil"	2.644e+09
2004	"Brunei Darussalam"	-5e+06
2004	"Bulgaria"	1.35e+08
2004	"Burkina Faso"	-3e+06
2004	"Burundi"	1e+06
2004	"Cambodia"	1e+06
2004	"Cameroon"	-3.2e+07
2004	"Canada"	2.4005e+10
2004	"Chad"	NA
2004	"Chile"	9.12e+08
2004	"China"	4.499e+09
2004	"Colombia"	2e+07
2004	"Comoros"	1e+06
2004	"Congo"	2.5e+07
2004	"Congo, the Democratic Republic of the"	2.1e+07
2004	"Costa Rica"	2.91e+08
2004	"Côte d'Ivoire"	6e+07
2004	"Croatia"	2.1e+07
2004	"Cuba"	NA
2004	"Cyprus"	4.7e+07
2004	"Czech Republic"	2.39e+08
2004	"Denmark"	8.43e+08
2004	"Djibouti"	NA
2004	"Dominica"	NA
2004	"Dominican Republic"	2.4e+07
2004	"Ecuador"	-8.37e+08
2004	"Egypt"	4.47e+08
2004	"El Salvador"	1.52e+08
2004	"Equatorial Guinea"	-4.2e+08
2004	"Eritrea"	-1.6e+07
2004	"Estonia"	1e+06
2004	"Ethiopia"	1e+06
2004	"Fiji"	8e+06
2004	"Finland"	3.33e+08
2004	"France"	6.988e+09
2004	"French Franc zone"	-2.5e+08
2004	"Gabon"	6.1e+07
2004	"Georgia"	-1e+07
2004	"Germany"	9.073e+09
2004	"Ghana"	1.2e+08
2004	"Gibraltar"	1.54e+08
2004	"Greece"	5.03e+08
2004	"Grenada"	NA
2004	"Guatemala"	4.4e+07
2004	"Guinea"	NA
2004	"Guyana"	1e+07
2004	"Haiti"	7e+06
2004	"Honduras"	1.93e+08
2004	"HongKong"	NA
2004	"Hungary"	1.66e+08
2004	"Iceland"	3e+06
2004	"India"	1.138e+09
2004	"Indonesia"	NA
2004	"Iran, Islamic Republic of"	NA
2004	"Iraq"	NA
2004	"Ireland"	8.781e+09
2004	"Israel"	5.31e+08
2004	"Italy"	3.284e+09
2004	"Jamaica"	2.47e+08
2004	"Japan"	1.2787e+10
2004	"Jordan"	NA
2004	"Kazakhstan"	6e+06
2004	"Kenya"	-7e+06
2004	"Korea, Republic of (South Korea)"	4.34e+09
2004	"Kuwait"	NA
2004	"Latin America countries"	1.3181e+10
2004	"Latvia"	2.7e+07
2004	"Lebanon"	3.8e+07
2004	"Liberia"	6.2e+07
2004	"Libya"	-6e+06
2004	"Liechtenstein"	1.7e+07
2004	"Lithuania"	NA
2004	"Luxembourg"	3.178e+09
2004	"Macao"	NA
2004	"Madagascar"	-1.1e+07
2004	"Maghreb countries"	-1.54e+08
2004	"Malawi"	2e+06
2004	"Malaysia"	NA
2004	"Maldives"	1e+06
2004	"Mali"	NA
2004	"Malta"	NA
2004	"Marshall Islands"	NA
2004	"Mashrek countries"	4.85e+08
2004	"Mauritius"	1.84e+08
2004	"Mexico"	8.435e+09
2004	"Micronesia, Federal States of"	NA
2004	"Moldova, Republic of"	1e+06
2004	"Mongolia"	0
2004	"Morocco"	-8e+06
2004	"Mozambique"	NA
2004	"Nepal"	-1e+06
2004	"Netherlands"	3.1455e+10
2004	"Netherlands Antilles"	1.702e+09
2004	"New Zealand"	NA
2004	"Nicaragua"	-2.19e+08
2004	"Niger"	2e+06
2004	"Nigeria"	6.76e+08
2004	"Norway"	2.46e+08
2004	"Oman"	NA
2004	"Pakistan"	1.08e+08
2004	"Palau"	NA
2004	"Panama"	-7.1e+07
2004	"Papua New Guinea"	3e+06
2004	"Paraguay"	-9e+06
2004	"Peru"	4.79e+08
2004	"Philippines"	5.55e+08
2004	"Poland"	1.19e+09
2004	"Portugal"	2.34e+08
2004	"Qatar"	1.184e+09
2004	"Romania"	1.31e+08
2004	"Russian Federation"	1.731e+09
2004	"Rwanda"	1e+06
2004	"Sao Tome and Principe"	NA
2004	"Saudi Arabia"	-1.007e+09
2004	"Senegal"	-6e+06
2004	"Serbia and Montenegro"	-4e+06
2004	"Seychelles"	NA
2004	"Sierra Leone"	-1e+06
2004	"Singapore"	NA
2004	"Slovakia"	-1e+07
2004	"Slovenia"	NA
2004	"South Africa"	4.8e+08
2004	"Spain"	2.111e+09
2004	"Sri Lanka"	-5e+06
2004	"St. Lucia"	NA
2004	"St. Vincent and the Grenadines"	NA
2004	"Suriname"	5.6e+07
2004	"Swaziland"	NA
2004	"Sweden"	4.36e+09
2004	"Switzerland"	1.2235e+10
2004	"Syrian Arab Republic"	NA
2004	"Taiwan, Province of China"	NA
2004	"Tanzania, United Republic of"	-3e+06
2004	"Thailand"	6.91e+08
2004	"Timor-Leste"	NA
2004	"Togo"	1e+07
2004	"Trinidad and Tobago"	1.12e+08
2004	"Tunisia"	5.9e+07
2004	"Turkey"	2.15e+08
2004	"Turkmenistan"	-9.8e+07
2004	"Uganda"	-4e+06
2004	"Ukraine"	4.8e+07
2004	"United Arab Emirates"	1.345e+09
2004	"United Kingdom"	4.2359e+10
2004	"Uruguay"	-8.5e+07
2004	"Uzbekistan"	NA
2004	"Vanuatu"	NA
2004	"Venezuela"	-3.89e+08
2004	"Vietnam"	5.2e+07
2004	"Yemen"	-2e+07
2004	"Zambia"	-3e+06
2005	"Afghanistan"	0
2005	"Algeria"	1.079e+09
2005	"Angola"	9.8e+07
2005	"Antigua and Barbuda"	2e+06
2005	"Argentina"	8.59e+08
2005	"Armenia"	1e+06
2005	"Aruba"	-4.8e+07
2005	"Australia"	NA
2005	"Austria"	-7.685e+09
2005	"Azerbaijan"	3.3e+08
2005	"Bahamas"	1.338e+09
2005	"Bahrain"	-4.5e+07
2005	"Bangladesh"	1.03e+08
2005	"Barbados"	2.66e+08
2005	"Belarus"	NA
2005	"Belgium"	7.697e+09
2005	"Benin"	-4.1e+07
2005	"Bermuda"	-1e+09
2005	"Bolivia"	-1.8e+07
2005	"Bosnia and Herzegovina"	NA
2005	"Botswana"	NA
2005	"Brazil"	1.4e+09
2005	"Brunei Darussalam"	-1.8e+07
2005	"Bulgaria"	1e+06
2005	"Burkina Faso"	0
2005	"Cameroon"	3.6e+07
2005	"Canada"	1.3556e+10
2005	"Chad"	NA
2005	"Chile"	-4.25e+08
2005	"China"	1.955e+09
2005	"Colombia"	1.196e+09
2005	"Congo"	-5.7e+07
2005	"Congo, the Democratic Republic of the"	-1.5e+07
2005	"Costa Rica"	-1.017e+09
2005	"Côte d'Ivoire"	5.4e+07
2005	"Croatia"	-1e+06
2005	"Cuba"	NA
2005	"Cyprus"	1.91e+08
2005	"Czech Republic"	4.28e+08
2005	"Denmark"	7.32e+08
2005	"Djibouti"	NA
2005	"Dominica"	NA
2005	"Dominican Republic"	-1.75e+08
2005	"Ecuador"	7.3e+07
2005	"Egypt"	1.112e+09
2005	"El Salvador"	8.1e+07
2005	"Equatorial Guinea"	3.24e+08
2005	"Eritrea"	-4e+06
2005	"Estonia"	-1e+06
2005	"Ethiopia"	-2e+06
2005	"Fiji"	5e+06
2005	"Finland"	-6e+06
2005	"France"	-1.156e+09
2005	"French Franc zone"	1.37e+08
2005	"Gabon"	-1.66e+08
2005	"Georgia"	5.2e+07
2005	"Germany"	7.978e+09
2005	"Ghana"	-4e+06
2005	"Gibraltar"	2.58e+08
2005	"Greece"	1.59e+08
2005	"Grenada"	NA
2005	"Guatemala"	-1.8e+07
2005	"Guinea"	NA
2005	"Guyana"	1.2e+07
2005	"Haiti"	2.2e+07
2005	"Honduras"	8.8e+07
2005	"HongKong"	4.688e+09
2005	"Hungary"	1.73e+08
2005	"Iceland"	2e+06
2005	"India"	7.21e+08
2005	"Indonesia"	NA
2005	"Iran, Islamic Republic of"	NA
2005	"Iraq"	NA
2005	"Ireland"	-1.5041e+10
2005	"Israel"	3.058e+09
2005	"Italy"	-1.155e+09
2005	"Jamaica"	-2.441e+09
2005	"Japan"	5.94e+09
2005	"Jordan"	6e+06
2005	"Kazakhstan"	-4.12e+08
2005	"Kenya"	4e+07
2005	"Korea, Republic of (South Korea)"	1.687e+09
2005	"Kuwait"	NA
2005	"Latin America countries"	1.4173e+10
2005	"Latvia"	-1.6e+07
2005	"Lebanon"	-2e+06
2005	"Liberia"	1.49e+08
2005	"Libya"	1.78e+08
2005	"Liechtenstein"	6.2e+07
2005	"Lithuania"	NA
2005	"Luxembourg"	-8.797e+09
2005	"Macao"	NA
2005	"Madagascar"	-1.1e+07
2005	"Maghreb countries"	1.085e+09
2005	"Malawi"	-5e+06
2005	"Malaysia"	2.04e+09
2005	"Maldives"	0
2005	"Mali"	0
2005	"Malta"	9e+06
2005	"Marshall Islands"	NA
2005	"Mashrek countries"	1.116e+09
2005	"Mauritania"	-4e+06
2005	"Mauritius"	-2e+07
2005	"Mexico"	9.596e+09
2005	"Micronesia, Federal States of"	NA
2005	"Moldova, Republic of"	1e+06
2005	"Mongolia"	0
2005	"Morocco"	-2.2e+07
2005	"Mozambique"	NA
2005	"Nepal"	-1e+06
2005	"Netherlands"	-1.9284e+10
2005	"Netherlands Antilles"	4.77e+08
2005	"New Zealand"	4.46e+08
2005	"Nicaragua"	3.6e+07
2005	"Niger"	-2e+06
2005	"Nigeria"	-8.46e+08
2005	"Norway"	1.194e+09
2005	"Oman"	NA
2005	"Pakistan"	2.75e+08
2005	"Palau"	NA
2005	"Panama"	1.06e+08
2005	"Papua New Guinea"	-2.7e+07
2005	"Paraguay"	-3e+06
2005	"Peru"	8.99e+08
2005	"Philippines"	-1.26e+08
2005	"Portugal"	4.26e+08
2005	"Qatar"	1.034e+09
2005	"Romania"	5.5e+07
2005	"Russian Federation"	2.334e+09
2005	"Rwanda"	1e+06
2005	"Sao Tome and Principe"	NA
2005	"Saudi Arabia"	-2.09e+08
2005	"Senegal"	-1.4e+07
2005	"Serbia and Montenegro"	2.5e+07
2005	"Seychelles"	NA
2005	"Sierra Leone"	-1e+06
2005	"Singapore"	3.206e+09
2005	"Slovakia"	-1.39e+08
2005	"Slovenia"	NA
2005	"Somalia"	0
2005	"South Africa"	8.2e+07
2005	"Spain"	3.616e+09
2005	"Sri Lanka"	8e+06
2005	"St. Kitts and Nevis"	3.7e+07
2005	"St. Lucia"	5e+06
2005	"St. Vincent and the Grenadines"	NA
2005	"Suriname"	3.5e+07
2005	"Swaziland"	NA
2005	"Sweden"	8.75e+08
2005	"Switzerland"	-8.545e+09
2005	"Syrian Arab Republic"	NA
2005	"Taiwan, Province of China"	NA
2005	"Tanzania, United Republic of"	-6e+06
2005	"Thailand"	7.89e+08
2005	"Timor-Leste"	NA
2005	"Togo"	3e+06
2005	"Trinidad and Tobago"	-3.4e+07
2005	"Tunisia"	2.8e+07
2005	"Turkey"	1.96e+08
2005	"Turkmenistan"	1e+06
2005	"Uganda"	1e+06
2005	"Ukraine"	1.34e+08
2005	"United Arab Emirates"	-6.4e+07
2005	"United Kingdom"	6.269e+09
2005	"Uruguay"	8e+06
2005	"Uzbekistan"	NA
2005	"Vanuatu"	7e+06
2005	"Venezuela"	1.312e+09
2005	"Vietnam"	3.8e+07
2005	"Yemen"	-9e+07
2005	"Zimbabwe"	NA
2006	"Afghanistan"	0
2006	"Albania"	0
2006	"Algeria"	1.781e+09
2006	"Andorra"	0
2006	"Angola"	2.8e+08
2006	"Anguilla"	0
2006	"Antarctica"	0
2006	"Antigua and Barbuda"	6e+06
2006	"Argentina"	4.274e+09
2006	"Armenia"	1e+06
2006	"Aruba"	1.22e+08
2006	"Australia"	1.473e+09
2006	"Austria"	1.085e+09
2006	"Azerbaijan"	1.114e+09
2006	"Bahamas"	-3.83e+08
2006	"Bahrain"	-1.02e+08
2006	"Bangladesh"	1.74e+08
2006	"Barbados"	5.03e+08
2006	"Belarus"	1e+06
2006	"Belgium"	3.864e+09
2006	"Belize"	NA
2006	"Benin"	6e+06
2006	"Bermuda"	1.9944e+10
2006	"Bhutan"	0
2006	"Bolivia"	-1.1e+07
2006	"Bosnia and Herzegovina"	-2e+06
2006	"Botswana"	NA
2006	"Brazil"	2.23e+08
2006	"Brunei Darussalam"	5.3e+07
2006	"Bulgaria"	-1.08e+08
2006	"Burkina Faso"	0
2006	"Burundi"	0
2006	"Cambodia"	0
2006	"Cameroon"	-1.1e+07
2006	"Canada"	-1.551e+09
2006	"Cape Verde"	0
2006	"Central African Republic"	0
2006	"Chad"	NA
2006	"Chile"	4.51e+08
2006	"China"	4.226e+09
2006	"Colombia"	8.55e+08
2006	"Comoros"	0
2006	"Congo"	1.34e+08
2006	"Congo, the Democratic Republic of the"	-1.8e+07
2006	"Costa Rica"	1.412e+09
2006	"Côte d'Ivoire"	-2.3e+07
2006	"Croatia"	-1e+06
2006	"Cuba"	-1e+06
2006	"Cyprus"	1.33e+08
2006	"Czech Republic"	6.9e+07
2006	"Denmark"	-3.9e+08
2006	"Djibouti"	NA
2006	"Dominica"	-1.1e+07
2006	"Dominican Republic"	-4e+06
2006	"Ecuador"	2e+07
2006	"Egypt"	5.4e+07
2006	"El Salvador"	-8.1e+07
2006	"Equatorial Guinea"	6.78e+08
2006	"Eritrea"	0
2006	"Estonia"	-1e+06
2006	"Ethiopia"	1e+06
2006	"Fiji"	1e+06
2006	"Finland"	4.88e+08
2006	"France"	7.076e+09
2006	"French Polynesia"	0
2006	"Gabon"	-1.7e+07
2006	"Gambia"	0
2006	"Georgia"	NA
2006	"Germany"	2.703e+09
2006	"Ghana"	7.29e+08
2006	"Gibraltar"	5.6e+08
2006	"Greece"	2.92e+08
2006	"Greenland"	0
2006	"Grenada"	-1.6e+07
2006	"Guatemala"	-5e+06
2006	"Guinea"	NA
2006	"Guinea-Bissau"	0
2006	"Guyana"	2.3e+07
2006	"Haiti"	3.5e+07
2006	"Holy See"	0
2006	"Honduras"	3.6e+07
2006	"HongKong"	4.174e+09
2006	"Hungary"	6.98e+08
2006	"Iceland"	NA
2006	"India"	1.834e+09
2006	"Indonesia"	7.71e+08
2006	"Iran, Islamic Republic of"	NA
2006	"Iraq"	NA
2006	"Ireland"	2.0148e+10
2006	"Israel"	2.416e+09
2006	"Italy"	2.891e+09
2006	"Jamaica"	-8.2e+07
2006	"Japan"	2.709e+09
2006	"Jordan"	3.7e+07
2006	"Kazakhstan"	1.78e+08
2006	"Kenya"	-1.09e+08
2006	"Kiribati"	0
2006	"Korea, Dem. People's Republic of (North Korea)"	0
2006	"Korea, Republic of (South Korea)"	2.518e+09
2006	"Kuwait"	NA
2006	"Kyrgyzstan"	0
2006	"Lao People's Democratic Republic"	0
2006	"Latvia"	8e+06
2006	"Lebanon"	-2.6e+07
2006	"Lesotho"	0
2006	"Liberia"	-1.28e+08
2006	"Libya"	1.493e+09
2006	"Liechtenstein"	-5.5e+07
2006	"Lithuania"	1e+07
2006	"Luxembourg"	1.7359e+10
2006	"Macao"	NA
2006	"Macedonia, the Former Yugoslav Republic of"	0
2006	"Madagascar"	-1.1e+07
2006	"Malawi"	0
2006	"Malaysia"	8.66e+08
2006	"Maldives"	0
2006	"Mali"	0
2006	"Malta"	-2e+07
2006	"Marshall Islands"	NA
2006	"Mauritania"	0
2006	"Mauritius"	3.23e+08
2006	"Mexico"	9.444e+09
2006	"Micronesia, Federal States of"	NA
2006	"Moldova, Republic of"	1e+06
2006	"Mongolia"	0
2006	"Morocco"	-3.7e+07
2006	"Mozambique"	4e+06
2006	"Myanmar"	0
2006	"Namibia"	0
2006	"Nauru"	0
2006	"Nepal"	-1e+06
2006	"Netherlands"	4.1118e+10
2006	"Netherlands Antilles"	3.488e+09
2006	"New Zealand"	8.14e+08
2006	"Nicaragua"	NA
2006	"Niger"	0
2006	"Nigeria"	1.44e+08
2006	"Norway"	6.91e+08
2006	"Oman"	NA
2006	"Pakistan"	1.61e+08
2006	"Palau"	NA
2006	"Panama"	2.14e+08
2006	"Papua New Guinea"	2.6e+07
2006	"Paraguay"	-6e+06
2006	"Peru"	2.29e+08
2006	"Philippines"	-1.65e+08
2006	"Poland"	5.9e+08
2006	"Portugal"	6.02e+08
2006	"Qatar"	6.95e+08
2006	"Romania"	1.1e+07
2006	"Russian Federation"	1.781e+09
2006	"Rwanda"	1e+06
2006	"Samoa"	0
2006	"San Marino"	0
2006	"Sao Tome and Principe"	NA
2006	"Saudi Arabia"	7.68e+08
2006	"Senegal"	1e+06
2006	"Serbia and Montenegro"	8e+06
2006	"Seychelles"	NA
2006	"Sierra Leone"	0
2006	"Singapore"	8.035e+09
2006	"Slovakia"	1.01e+08
2006	"Slovenia"	-1.56e+08
2006	"Solomon Islands"	0
2006	"Somalia"	0
2006	"South Africa"	1.59e+08
2006	"Spain"	-5.61e+08
2006	"Sri Lanka"	1.9e+07
2006	"St. Kitts and Nevis"	NA
2006	"St. Lucia"	1.3e+07
2006	"St. Vincent and the Grenadines"	-4e+06
2006	"Sudan"	0
2006	"Suriname"	-9e+06
2006	"Swaziland"	NA
2006	"Sweden"	2.616e+09
2006	"Switzerland"	1.1019e+10
2006	"Syrian Arab Republic"	-5.9e+07
2006	"Taiwan, Province of China"	2.231e+09
2006	"Tajikistan"	0
2006	"Tanzania, United Republic of"	NA
2006	"Thailand"	6.95e+08
2006	"Timor-Leste"	NA
2006	"Togo"	-1.3e+07
2006	"Tonga"	0
2006	"Trinidad and Tobago"	NA
2006	"Tunisia"	-4.4e+07
2006	"Turkey"	2.52e+08
2006	"Turkmenistan"	1e+06
2006	"Tuvalu"	0
2006	"Uganda"	1e+06
2006	"Ukraine"	1.45e+08
2006	"United Arab Emirates"	1.322e+09
2006	"United Kingdom"	3.0535e+10
2006	"United States"	0
2006	"Uruguay"	2.5e+07
2006	"Uzbekistan"	NA
2006	"Vanuatu"	7e+06
2006	"Venezuela"	5.08e+08
2006	"Vietnam"	3.7e+07
2006	"Yemen"	4.97e+08
2006	"Zambia"	1.5e+07
2006	"Zimbabwe"	NA
2007	"Afghanistan"	0
2007	"Albania"	0
2007	"Algeria"	1.117e+09
2007	"Andorra"	0
2007	"Angola"	-9.9e+07
2007	"Anguilla"	0
2007	"Antarctica"	0
2007	"Antigua and Barbuda"	5e+06
2007	"Argentina"	5.47e+08
2007	"Armenia"	1e+06
2007	"Aruba"	1.46e+08
2007	"Australia"	1.0122e+10
2007	"Austria"	1.079e+09
2007	"Azerbaijan"	1.313e+09
2007	"Bahamas"	1.686e+09
2007	"Bahrain"	-8.5e+07
2007	"Bangladesh"	2.9e+07
2007	"Barbados"	-3.595e+09
2007	"Belarus"	1e+06
2007	"Belgium"	7.562e+09
2007	"Belize"	NA
2007	"Benin"	-8e+06
2007	"Bermuda"	1.4785e+10
2007	"Bhutan"	0
2007	"Bolivia"	2.4e+07
2007	"Bosnia and Herzegovina"	-1e+06
2007	"Botswana"	NA
2007	"Brazil"	5.585e+09
2007	"British Indian Ocean Territory"	0
2007	"Brunei Darussalam"	5e+06
2007	"Bulgaria"	4.09e+08
2007	"Burkina Faso"	0
2007	"Burundi"	0
2007	"Cambodia"	0
2007	"Cameroon"	-5.2e+07
2007	"Canada"	2.2331e+10
2007	"Cape Verde"	0
2007	"Cayman Islands"	1.264e+10
2007	"Central African Republic"	0
2007	"Chad"	NA
2007	"Chile"	4.402e+09
2007	"China"	5.243e+09
2007	"Christmas Island"	0
2007	"Colombia"	4.04e+08
2007	"Comoros"	0
2007	"Congo"	-1.5e+07
2007	"Congo, the Democratic Republic of the"	NA
2007	"Costa Rica"	1.72e+08
2007	"Côte d'Ivoire"	-8.8e+07
2007	"Croatia"	2.2e+07
2007	"Cuba"	-1e+06
2007	"Cyprus"	NA
2007	"Czech Republic"	1.72e+08
2007	"Denmark"	8.37e+08
2007	"Djibouti"	-1e+06
2007	"Dominica"	-1.4e+07
2007	"Dominican Republic"	2.2e+07
2007	"Ecuador"	-4.3e+07
2007	"Egypt"	9.96e+08
2007	"El Salvador"	2.314e+09
2007	"Equatorial Guinea"	-9.3e+07
2007	"Eritrea"	0
2007	"Estonia"	0
2007	"Ethiopia"	0
2007	"Fiji"	2e+06
2007	"Finland"	-9.9e+07
2007	"France"	1.201e+10
2007	"French Franc zone"	-1.29e+08
2007	"French Polynesia"	NA
2007	"French Southern Territories"	NA
2007	"Gabon"	1.3e+08
2007	"Gambia"	0
2007	"Georgia"	NA
2007	"Germany"	9.569e+09
2007	"Ghana"	NA
2007	"Gibraltar"	1.401e+09
2007	"Greece"	-2.01e+08
2007	"Greenland"	0
2007	"Grenada"	0
2007	"Guatemala"	1.69e+08
2007	"Guinea"	NA
2007	"Guinea-Bissau"	0
2007	"Guyana"	-6e+06
2007	"Haiti"	3.3e+07
2007	"Holy See"	0
2007	"Honduras"	7.1e+07
2007	"HongKong"	1.1533e+10
2007	"Hungary"	1.596e+09
2007	"Iceland"	NA
2007	"India"	3.915e+09
2007	"Indonesia"	2.925e+09
2007	"Iran, Islamic Republic of"	NA
2007	"Iraq"	NA
2007	"Ireland"	1.5506e+10
2007	"Israel"	5.54e+08
2007	"Italy"	3.704e+09
2007	"Jamaica"	-2.67e+08
2007	"Japan"	1.5721e+10
2007	"Jordan"	7.9e+07
2007	"Kazakhstan"	NA
2007	"Kenya"	2e+06
2007	"Kiribati"	0
2007	"Korea, Dem. People's Republic of (North Korea)"	0
2007	"Korea, Republic of (South Korea)"	8.21e+08
2007	"Kuwait"	NA
2007	"Kyrgyzstan"	0
2007	"Lao People's Democratic Republic"	0
2007	"Latin America countries"	2.6421e+10
2007	"Latvia"	3e+06
2007	"Lebanon"	2.2e+07
2007	"Lesotho"	0
2007	"Liberia"	2.07e+08
2007	"Libya"	3.71e+08
2007	"Liechtenstein"	5.1e+07
2007	"Lithuania"	3e+06
2007	"Luxembourg"	2.4535e+10
2007	"Macao"	6.87e+08
2007	"Macedonia, the Former Yugoslav Republic of"	0
2007	"Madagascar"	-1.2e+07
2007	"Maghreb countries"	1.324e+09
2007	"Malawi"	-1e+06
2007	"Malaysia"	2.062e+09
2007	"Maldives"	0
2007	"Mali"	0
2007	"Malta"	NA
2007	"Marshall Islands"	NA
2007	"Mashrek countries"	1.098e+09
2007	"Mauritania"	0
2007	"Mauritius"	1.326e+09
2007	"Mexico"	9.798e+09
2007	"Micronesia, Federal States of"	NA
2007	"Moldova, Republic of"	1e+06
2007	"Mongolia"	0
2007	"Montenegro, Republic of"	1e+06
2007	"Morocco"	9.6e+07
2007	"Mozambique"	-3e+06
2007	"Myanmar"	0
2007	"Namibia"	0
2007	"Nauru"	0
2007	"Nepal"	-1e+06
2007	"Netherlands"	1.09097e+11
2007	"Netherlands Antilles"	2.584e+09
2007	"New Zealand"	6.7e+07
2007	"Nicaragua"	NA
2007	"Niger"	0
2007	"Nigeria"	-5.96e+08
2007	"Norway"	9.64e+08
2007	"Oman"	NA
2007	"Pakistan"	NA
2007	"Palau"	NA
2007	"Panama"	1.218e+09
2007	"Papua New Guinea"	5.4e+07
2007	"Paraguay"	NA
2007	"Peru"	6.79e+08
2007	"Philippines"	-2.274e+09
2007	"Pitcairn"	2e+07
2007	"Poland"	1.612e+09
2007	"Portugal"	1.57e+08
2007	"Qatar"	2.181e+09
2007	"Romania"	2.54e+08
2007	"Russian Federation"	2.628e+09
2007	"Rwanda"	1e+06
2007	"Samoa"	0
2007	"San Marino"	0
2007	"Sao Tome and Principe"	NA
2007	"Saudi Arabia"	5.6e+08
2007	"Senegal"	-3e+06
2007	"Serbia, Republic of"	5e+06
2007	"Seychelles"	0
2007	"Sierra Leone"	0
2007	"Singapore"	1.4003e+10
2007	"Slovakia"	1.95e+08
2007	"Slovenia"	1.6e+07
2007	"Solomon Islands"	0
2007	"Somalia"	0
2007	"South Africa"	1e+09
2007	"Spain"	8.758e+09
2007	"Sri Lanka"	8e+06
2007	"St. Helena"	0
2007	"St. Kitts and Nevis"	NA
2007	"St. Lucia"	9e+06
2007	"St. Vincent and the Grenadines"	0
2007	"Sudan"	0
2007	"Suriname"	NA
2007	"Swaziland"	NA
2007	"Sweden"	2.364e+09
2007	"Switzerland"	7.365e+09
2007	"Syrian Arab Republic"	1e+06
2007	"Taiwan, Province of China"	1.051e+09
2007	"Tajikistan"	-1e+06
2007	"Tanzania, United Republic of"	NA
2007	"Thailand"	1.198e+09
2007	"Timor-Leste"	0
2007	"Togo"	0
2007	"Tonga"	0
2007	"Trinidad and Tobago"	NA
2007	"Tunisia"	1.11e+08
2007	"Turkey"	3.74e+09
2007	"Turkmenistan"	1e+06
2007	"Tuvalu"	0
2007	"Uganda"	NA
2007	"Ukraine"	4.44e+08
2007	"United Arab Emirates"	2.55e+08
2007	"United Kingdom"	2.1978e+10
2007	"Uruguay"	3.8e+07
2007	"Uzbekistan"	NA
2007	"Vanuatu"	9e+06
2007	"Venezuela"	1.044e+09
2007	"Vietnam"	-5.5e+07
2007	"Yemen"	3.5e+07
2007	"Zambia"	5e+06
2007	"Zimbabwe"	NA
2008	"Afghanistan"	0
2008	"Albania"	0
2008	"Algeria"	-4.01e+08
2008	"Andorra"	0
2008	"Angola"	7.89e+08
2008	"Anguilla"	0
2008	"Antarctica"	0
2008	"Antigua and Barbuda"	5e+06
2008	"Argentina"	1.542e+09
2008	"Armenia"	1e+06
2008	"Aruba"	-3.7e+07
2008	"Australia"	1.0158e+10
2008	"Austria"	1.327e+09
2008	"Azerbaijan"	NA
2008	"Bahamas"	-1.04e+09
2008	"Bahrain"	-1.9e+07
2008	"Bangladesh"	2.8e+07
2008	"Barbados"	1.047e+09
2008	"Belarus"	1e+06
2008	"Belgium"	4.415e+09
2008	"Belize"	2e+06
2008	"Benin"	2e+06
2008	"Bermuda"	7.824e+09
2008	"Bhutan"	0
2008	"Bolivia"	7.3e+07
2008	"Bosnia and Herzegovina"	-1e+06
2008	"Botswana"	2e+06
2008	"Brazil"	3.825e+09
2008	"British Indian Ocean Territory"	0
2008	"Brunei Darussalam"	1e+06
2008	"Bulgaria"	-7.6e+07
2008	"Burkina Faso"	0
2008	"Burundi"	0
2008	"Cambodia"	0
2008	"Cameroon"	2e+06
2008	"Canada"	1.2293e+10
2008	"Cape Verde"	0
2008	"Cayman Islands"	2.5914e+10
2008	"Central African Republic"	0
2008	"Chad"	NA
2008	"Chile"	3.099e+09
2008	"China"	1.5971e+10
2008	"Christmas Island"	0
2008	"Colombia"	1.9e+09
2008	"Comoros"	0
2008	"Congo"	NA
2008	"Congo, the Democratic Republic of the"	NA
2008	"Costa Rica"	5.74e+08
2008	"Côte d'Ivoire"	-1.66e+08
2008	"Croatia"	-1e+06
2008	"Cuba"	-1e+06
2008	"Cyprus"	NA
2008	"Czech Republic"	7.63e+08
2008	"Denmark"	1.231e+09
2008	"Djibouti"	0
2008	"Dominica"	6e+06
2008	"Dominican Republic"	-1.24e+08
2008	"Ecuador"	1.28e+08
2008	"Egypt"	1.617e+09
2008	"El Salvador"	1.834e+09
2008	"Equatorial Guinea"	-9.13e+08
2008	"Eritrea"	0
2008	"Estonia"	-5e+06
2008	"Ethiopia"	0
2008	"Fiji"	1e+06
2008	"Finland"	1.88e+08
2008	"France"	-3.41e+08
2008	"French Franc zone"	-1.52e+09
2008	"French Polynesia"	NA
2008	"French Southern Territories"	0
2008	"Gabon"	-4.39e+08
2008	"Gambia"	0
2008	"Georgia"	1e+06
2008	"Germany"	7.75e+08
2008	"Ghana"	NA
2008	"Gibraltar"	2.821e+09
2008	"Greece"	7.2e+07
2008	"Greenland"	0
2008	"Grenada"	0
2008	"Guatemala"	6.59e+08
2008	"Guinea"	NA
2008	"Guinea-Bissau"	0
2008	"Guyana"	2.7e+07
2008	"Haiti"	-1e+06
2008	"Holy See"	0
2008	"Honduras"	1.73e+08
2008	"HongKong"	-3.25e+08
2008	"Hungary"	-1.3e+07
2008	"Iceland"	NA
2008	"India"	4.31e+09
2008	"Indonesia"	1.75e+09
2008	"Iran, Islamic Republic of"	-1e+06
2008	"Iraq"	NA
2008	"Ireland"	3.1795e+10
2008	"Israel"	5.36e+08
2008	"Italy"	2.241e+09
2008	"Jamaica"	1.73e+08
2008	"Japan"	-1.656e+09
2008	"Jordan"	3.2e+07
2008	"Kazakhstan"	NA
2008	"Kenya"	7e+06
2008	"Kiribati"	0
2008	"Korea, Dem. People's Republic of (North Korea)"	0
2008	"Korea, Republic of (South Korea)"	2.157e+09
2008	"Kuwait"	NA
2008	"Kyrgyzstan"	0
2008	"Lao People's Democratic Republic"	0
2008	"Latin America countries"	1.9802e+10
2008	"Latvia"	-1.83e+08
2008	"Lebanon"	2.4e+07
2008	"Lesotho"	0
2008	"Liberia"	6.1e+07
2008	"Libya"	NA
2008	"Liechtenstein"	-3.2e+07
2008	"Lithuania"	3e+06
2008	"Luxembourg"	2.7079e+10
2008	"Macao"	1.174e+09
2008	"Macedonia, the Former Yugoslav Republic of"	0
2008	"Madagascar"	-9e+06
2008	"Maghreb countries"	-2.95e+08
2008	"Malawi"	-2e+06
2008	"Malaysia"	8.19e+08
2008	"Maldives"	0
2008	"Mali"	0
2008	"Malta"	NA
2008	"Marshall Islands"	NA
2008	"Mashrek countries"	1.673e+09
2008	"Mauritania"	0
2008	"Mauritius"	-2.65e+08
2008	"Mexico"	4.521e+09
2008	"Micronesia, Federal States of"	NA
2008	"Moldova, Republic of"	1e+06
2008	"Mongolia"	-4e+06
2008	"Montenegro, Republic of"	1e+06
2008	"Morocco"	3.4e+07
2008	"Mozambique"	-2e+06
2008	"Myanmar"	0
2008	"Namibia"	0
2008	"Nauru"	0
2008	"Nepal"	1e+06
2008	"Netherlands"	3.8639e+10
2008	"Netherlands Antilles"	8.132e+09
2008	"New Zealand"	-9.06e+08
2008	"Nicaragua"	4.6e+07
2008	"Niger"	0
2008	"Nigeria"	1.772e+09
2008	"Norway"	1.51e+08
2008	"Oman"	NA
2008	"Pakistan"	NA
2008	"Palau"	NA
2008	"Panama"	8.45e+08
2008	"Papua New Guinea"	NA
2008	"Paraguay"	NA
2008	"Peru"	-5.77e+08
2008	"Philippines"	1.9e+07
2008	"Pitcairn"	1e+06
2008	"Poland"	-6.34e+08
2008	"Portugal"	2.44e+08
2008	"Qatar"	NA
2008	"Romania"	1.29e+08
2008	"Russian Federation"	2.715e+09
2008	"Rwanda"	1e+06
2008	"Samoa"	0
2008	"San Marino"	0
2008	"Sao Tome and Principe"	NA
2008	"Saudi Arabia"	3.41e+08
2008	"Senegal"	-6e+06
2008	"Serbia, Republic of"	1.3e+07
2008	"Seychelles"	NA
2008	"Sierra Leone"	0
2008	"Singapore"	8.572e+09
2008	"Slovakia"	1.48e+08
2008	"Slovenia"	2.3e+07
2008	"Solomon Islands"	0
2008	"Somalia"	0
2008	"South Africa"	3.06e+08
2008	"Spain"	4.749e+09
2008	"Sri Lanka"	2.4e+07
2008	"St. Helena"	0
2008	"St. Kitts and Nevis"	0
2008	"St. Lucia"	2e+06
2008	"St. Vincent and the Grenadines"	0
2008	"Sudan"	0
2008	"Suriname"	NA
2008	"Swaziland"	NA
2008	"Sweden"	4.056e+09
2008	"Switzerland"	2.5168e+10
2008	"Syrian Arab Republic"	0
2008	"Taiwan, Province of China"	4.153e+09
2008	"Tajikistan"	0
2008	"Tanzania, United Republic of"	NA
2008	"Thailand"	-9.7e+07
2008	"Timor-Leste"	0
2008	"Togo"	0
2008	"Tonga"	0
2008	"Trinidad and Tobago"	1.389e+09
2008	"Tunisia"	7.2e+07
2008	"Turkey"	2.18e+08
2008	"Turkmenistan"	1e+06
2008	"Tuvalu"	0
2008	"Uganda"	NA
2008	"Ukraine"	-5.3e+07
2008	"United Arab Emirates"	2.86e+08
2008	"United Kingdom"	2.9615e+10
2008	"Uruguay"	4.6e+07
2008	"Uzbekistan"	NA
2008	"Vanuatu"	9e+06
2008	"Venezuela"	1.115e+09
2008	"Vietnam"	2.3e+07
2008	"Yemen"	-1.15e+08
2008	"Zambia"	-1e+06
2008	"Zimbabwe"	NA
2009	"Afghanistan"	-1e+06
2009	"Albania"	0
2009	"Algeria"	5.78e+08
2009	"Andorra"	0
2009	"Angola"	5.4e+07
2009	"Anguilla"	0
2009	"Antarctica"	0
2009	"Antigua and Barbuda"	0
2009	"Argentina"	1.209e+09
2009	"Armenia"	1e+06
2009	"Aruba"	-3.66e+08
2009	"Australia"	4.453e+09
2009	"Austria"	1.942e+09
2009	"Azerbaijan"	NA
2009	"Bahamas"	2.351e+09
2009	"Bahrain"	-3.21e+08
2009	"Bangladesh"	2.3e+07
2009	"Barbados"	1.037e+09
2009	"Belarus"	2e+06
2009	"Belgium"	4.679e+09
2009	"Belize"	2e+06
2009	"Benin"	-1e+07
2009	"Bermuda"	2.9149e+10
2009	"Bhutan"	0
2009	"Bolivia"	1.61e+08
2009	"Bosnia and Herzegovina"	1e+06
2009	"Botswana"	1.5e+07
2009	"Brazil"	3.5e+09
2009	"British Indian Ocean Territory"	0
2009	"Brunei Darussalam"	5.7e+07
2009	"Bulgaria"	1.1e+08
2009	"Burkina Faso"	0
2009	"Burundi"	0
2009	"Cambodia"	4e+06
2009	"Cameroon"	-5e+07
2009	"Canada"	1.4342e+10
2009	"Cape Verde"	0
2009	"Cayman Islands"	7.746e+09
2009	"Central African Republic"	1e+06
2009	"Chad"	NA
2009	"Chile"	1.892e+09
2009	"China"	-7.512e+09
2009	"Christmas Island"	0
2009	"Colombia"	1.712e+09
2009	"Comoros"	0
2009	"Congo"	5.2e+07
2009	"Congo, the Democratic Republic of the"	NA
2009	"Costa Rica"	-1.97e+08
2009	"Côte d'Ivoire"	3.1e+07
2009	"Croatia"	6.1e+07
2009	"Cuba"	8e+06
2009	"Cyprus"	1.03e+08
2009	"Czech Republic"	-3.07e+08
2009	"Denmark"	7.16e+08
2009	"Djibouti"	1e+06
2009	"Dominica"	0
2009	"Dominican Republic"	1.24e+08
2009	"Ecuador"	1.96e+08
2009	"Egypt"	1.512e+09
2009	"El Salvador"	1.68e+08
2009	"Equatorial Guinea"	5.6e+07
2009	"Eritrea"	1e+06
2009	"Estonia"	NA
2009	"Ethiopia"	1e+06
2009	"Fiji"	-6e+06
2009	"Finland"	7.2e+07
2009	"France"	1.0266e+10
2009	"French Polynesia"	NA
2009	"French Southern Territories"	0
2009	"Gabon"	4e+06
2009	"Gambia"	0
2009	"Georgia"	0
2009	"Germany"	7.839e+09
2009	"Ghana"	2.05e+08
2009	"Gibraltar"	8.75e+08
2009	"Greece"	-2.64e+08
2009	"Greenland"	0
2009	"Grenada"	0
2009	"Guatemala"	1.15e+08
2009	"Guinea"	NA
2009	"Guinea-Bissau"	0
2009	"Guyana"	NA
2009	"Haiti"	NA
2009	"Holy See"	0
2009	"Honduras"	2e+07
2009	"HongKong"	8.729e+09
2009	"Hungary"	-1.19e+08
2009	"Iceland"	NA
2009	"India"	2.47e+09
2009	"Indonesia"	1e+09
2009	"Iran, Islamic Republic of"	0
2009	"Iraq"	2e+06
2009	"Ireland"	2.3528e+10
2009	"Israel"	-1.66e+08
2009	"Italy"	3.236e+09
2009	"Jamaica"	-2.22e+08
2009	"Japan"	1.1138e+10
2009	"Jordan"	-7e+06
2009	"Kazakhstan"	-1.42e+08
2009	"Kenya"	6.2e+07
2009	"Kiribati"	0
2009	"Korea, Dem. People's Republic of (North Korea)"	0
2009	"Korea, Republic of (South Korea)"	3.2e+09
2009	"Kuwait"	-1.86e+08
2009	"Kyrgyzstan"	1.5e+07
2009	"Lao People's Democratic Republic"	0
2009	"Latin America countries"	2.0632e+10
2009	"Latvia"	-1.1e+07
2009	"Lebanon"	3.3e+07
2009	"Lesotho"	0
2009	"Liberia"	1.2e+07
2009	"Libya"	NA
2009	"Liechtenstein"	0
2009	"Lithuania"	NA
2009	"Luxembourg"	2.2194e+10
2009	"Macao"	-1.182e+09
2009	"Macedonia, the Former Yugoslav Republic of"	0
2009	"Madagascar"	7e+06
2009	"Malawi"	-1e+06
2009	"Malaysia"	8.47e+08
2009	"Maldives"	2.7e+07
2009	"Mali"	1e+06
2009	"Malta"	2.57e+08
2009	"Marshall Islands"	NA
2009	"Mauritania"	0
2009	"Mauritius"	6.54e+08
2009	"Mexico"	7.1e+09
2009	"Micronesia, Federal States of"	NA
2009	"Moldova, Republic of"	1e+06
2009	"Mongolia"	-6e+06
2009	"Montenegro, Republic of"	0
2009	"Morocco"	5.2e+07
2009	"Mozambique"	1.2e+07
2009	"Myanmar"	0
2009	"Namibia"	4e+06
2009	"Nauru"	0
2009	"Nepal"	-1e+06
2009	"Netherlands"	5.1588e+10
2009	"Netherlands Antilles"	1.793e+09
2009	"New Zealand"	9.45e+08
2009	"Nicaragua"	6.5e+07
2009	"Niger"	0
2009	"Nigeria"	5.17e+09
2009	"Norway"	1.41e+08
2009	"Oman"	NA
2009	"Pakistan"	1.42e+08
2009	"Palau"	3e+06
2009	"Panama"	8.09e+08
2009	"Papua New Guinea"	NA
2009	"Paraguay"	3e+07
2009	"Peru"	1.035e+09
2009	"Philippines"	-2.03e+08
2009	"Pitcairn"	0
2009	"Poland"	1.178e+09
2009	"Portugal"	-1.12e+08
2009	"Qatar"	NA
2009	"Romania"	4.21e+08
2009	"Russian Federation"	4.47e+08
2009	"Rwanda"	0
2009	"Samoa"	1e+06
2009	"San Marino"	0
2009	"Sao Tome and Principe"	NA
2009	"Saudi Arabia"	2.636e+09
2009	"Senegal"	-1.2e+07
2009	"Serbia, Republic of"	8.5e+07
2009	"Seychelles"	0
2009	"Sierra Leone"	NA
2009	"Singapore"	4.88e+09
2009	"Slovakia"	NA
2009	"Slovenia"	NA
2009	"Solomon Islands"	0
2009	"Somalia"	0
2009	"South Africa"	1.088e+09
2009	"Spain"	9.56e+08
2009	"Sri Lanka"	-7e+06
2009	"St. Helena"	1e+06
2009	"St. Kitts and Nevis"	NA
2009	"St. Lucia"	1.91e+08
2009	"St. Vincent and the Grenadines"	0
2009	"Sudan"	0
2009	"Suriname"	NA
2009	"Swaziland"	NA
2009	"Sweden"	-9.708e+09
2009	"Switzerland"	1.5383e+10
2009	"Syrian Arab Republic"	0
2009	"Taiwan, Province of China"	4.62e+08
2009	"Tajikistan"	0
2009	"Tanzania, United Republic of"	NA
2009	"Thailand"	1.094e+09
2009	"Timor-Leste"	2e+06
2009	"Togo"	0
2009	"Tonga"	0
2009	"Trinidad and Tobago"	1.024e+09
2009	"Tunisia"	-2.1e+07
2009	"Turkey"	7.03e+08
2009	"Turkmenistan"	-2e+06
2009	"Tuvalu"	1e+06
2009	"Uganda"	3e+06
2009	"Ukraine"	1e+06
2009	"United Arab Emirates"	3.26e+08
2009	"United Kingdom"	2.894e+10
2009	"Uruguay"	2.7e+07
2009	"Uzbekistan"	2e+06
2009	"Vanuatu"	NA
2009	"Venezuela"	2.782e+09
2009	"Vietnam"	1.66e+08
2009	"Yemen"	NA
2009	"Zambia"	3e+06
2009	"Zimbabwe"	NA
2010	"Afghanistan"	-1e+06
2010	"Albania"	0
2010	"Algeria"	7.15e+08
2010	"Andorra"	0
2010	"Angola"	1.974e+09
2010	"Anguilla"	0
2010	"Antarctica"	0
2010	"Antigua and Barbuda"	0
2010	"Argentina"	-2.772e+09
2010	"Armenia"	0
2010	"Aruba"	3.83e+08
2010	"Australia"	1.9877e+10
2010	"Austria"	1.273e+09
2010	"Azerbaijan"	NA
2010	"Bahamas"	1.7e+07
2010	"Bahrain"	1.18e+08
2010	"Bangladesh"	-2.6e+07
2010	"Barbados"	1.747e+09
2010	"Belarus"	2e+06
2010	"Belgium"	3.846e+09
2010	"Belize"	-3e+06
2010	"Benin"	0
2010	"Bermuda"	1.2976e+10
2010	"Bhutan"	0
2010	"Bolivia"	7e+07
2010	"Bosnia and Herzegovina"	1e+06
2010	"Botswana"	3e+06
2010	"Brazil"	9.643e+09
2010	"British Indian Ocean Territory"	0
2010	"Brunei Darussalam"	4.2e+07
2010	"Bulgaria"	4.8e+07
2010	"Burkina Faso"	0
2010	"Burundi"	0
2010	"Cambodia"	6e+06
2010	"Cameroon"	4.8e+07
2010	"Canada"	1.7594e+10
2010	"Cape Verde"	0
2010	"Cayman Islands"	1.0926e+10
2010	"Central African Republic"	1e+06
2010	"Chad"	NA
2010	"Chile"	4.611e+09
2010	"China"	5.42e+09
2010	"Christmas Island"	0
2010	"Colombia"	2.38e+08
2010	"Comoros"	0
2010	"Congo"	-6.6e+07
2010	"Congo, the Democratic Republic of the"	NA
2010	"Costa Rica"	-7.9e+07
2010	"Côte d'Ivoire"	-1.3e+07
2010	"Croatia"	-7e+07
2010	"Cuba"	0
2010	"Cyprus"	1.73e+08
2010	"Czech Republic"	1.028e+09
2010	"Denmark"	9.35e+08
2010	"Djibouti"	1e+06
2010	"Dominica"	0
2010	"Dominican Republic"	2.52e+08
2010	"Ecuador"	1.03e+08
2010	"Egypt"	1.919e+09
2010	"El Salvador"	2.4e+07
2010	"Equatorial Guinea"	-8.8e+07
2010	"Eritrea"	1e+06
2010	"Estonia"	NA
2010	"Ethiopia"	5e+06
2010	"Fiji"	-4e+06
2010	"Finland"	-4.2e+08
2010	"France"	4.812e+09
2010	"French Polynesia"	NA
2010	"French Southern Territories"	0
2010	"Gabon"	3.27e+08
2010	"Gambia"	0
2010	"Georgia"	0
2010	"Germany"	5.898e+09
2010	"Ghana"	-3.13e+08
2010	"Gibraltar"	1.254e+09
2010	"Greece"	-1.17e+08
2010	"Greenland"	0
2010	"Grenada"	0
2010	"Guatemala"	1.09e+08
2010	"Guinea"	NA
2010	"Guinea-Bissau"	0
2010	"Guyana"	NA
2010	"Haiti"	NA
2010	"Holy See"	0
2010	"Honduras"	2e+08
2010	"HongKong"	-2.1124e+10
2010	"Hungary"	3.57e+08
2010	"Iceland"	NA
2010	"India"	3.069e+09
2010	"Indonesia"	3.15e+08
2010	"Iran, Islamic Republic of"	0
2010	"Iraq"	-1.51e+08
2010	"Ireland"	2.8865e+10
2010	"Israel"	1.85e+08
2010	"Italy"	6.8e+07
2010	"Jamaica"	2e+06
2010	"Japan"	9.17e+08
2010	"Jordan"	3e+06
2010	"Kazakhstan"	1.837e+09
2010	"Kenya"	3e+06
2010	"Kiribati"	0
2010	"Korea, Dem. People's Republic of (North Korea)"	0
2010	"Korea, Republic of (South Korea)"	2.745e+09
2010	"Kuwait"	-1.51e+08
2010	"Kyrgyzstan"	0
2010	"Lao People's Democratic Republic"	0
2010	"Latin America countries"	1.3473e+10
2010	"Latvia"	-6e+06
2010	"Lebanon"	3.8e+07
2010	"Lesotho"	0
2010	"Liberia"	2.28e+08
2010	"Libya"	NA
2010	"Liechtenstein"	-2.3e+07
2010	"Lithuania"	NA
2010	"Luxembourg"	4.8156e+10
2010	"Macao"	-6.1e+07
2010	"Macedonia, the Former Yugoslav Republic of"	0
2010	"Madagascar"	3e+06
2010	"Malawi"	-2e+06
2010	"Malaysia"	2.73e+09
2010	"Maldives"	-1e+06
2010	"Mali"	0
2010	"Malta"	6.41e+08
2010	"Marshall Islands"	NA
2010	"Mauritania"	0
2010	"Mauritius"	1.179e+09
2010	"Mexico"	8.25e+08
2010	"Micronesia, Federal States of"	NA
2010	"Moldova, Republic of"	-1e+06
2010	"Mongolia"	-5e+06
2010	"Montenegro, Republic of"	0
2010	"Morocco"	1.66e+08
2010	"Mozambique"	1.27e+08
2010	"Myanmar"	0
2010	"Namibia"	2e+06
2010	"Nauru"	0
2010	"Nepal"	1e+06
2010	"Netherlands"	4.4979e+10
2010	"Netherlands Antilles"	2.28e+09
2010	"New Zealand"	4.99e+08
2010	"Nicaragua"	-1.6e+07
2010	"Niger"	0
2010	"Nigeria"	8.1e+07
2010	"Norway"	3.455e+09
2010	"Oman"	NA
2010	"Pakistan"	NA
2010	"Palau"	3e+06
2010	"Panama"	-7.59e+08
2010	"Papua New Guinea"	NA
2010	"Paraguay"	1.2e+07
2010	"Peru"	8.05e+08
2010	"Philippines"	7.03e+08
2010	"Pitcairn"	0
2010	"Poland"	-1.26e+08
2010	"Portugal"	2.18e+08
2010	"Qatar"	NA
2010	"Romania"	1.48e+08
2010	"Russian Federation"	-3.726e+09
2010	"Rwanda"	0
2010	"Samoa"	1e+06
2010	"San Marino"	0
2010	"Sao Tome and Principe"	NA
2010	"Saudi Arabia"	-6.6e+07
2010	"Senegal"	-5.3e+07
2010	"Serbia, Republic of"	0
2010	"Seychelles"	0
2010	"Sierra Leone"	NA
2010	"Singapore"	1.5501e+10
2010	"Slovakia"	NA
2010	"Slovenia"	NA
2010	"Solomon Islands"	0
2010	"Somalia"	0
2010	"South Africa"	4.47e+08
2010	"Spain"	1.949e+09
2010	"Sri Lanka"	7e+06
2010	"St. Helena"	1e+06
2010	"St. Kitts and Nevis"	NA
2010	"St. Lucia"	NA
2010	"St. Vincent and the Grenadines"	0
2010	"Sudan"	0
2010	"Suriname"	NA
2010	"Swaziland"	NA
2010	"Sweden"	-6.757e+09
2010	"Switzerland"	-3.53e+08
2010	"Syrian Arab Republic"	1e+06
2010	"Taiwan, Province of China"	1.435e+09
2010	"Tajikistan"	0
2010	"Tanzania, United Republic of"	NA
2010	"Thailand"	2.643e+09
2010	"Timor-Leste"	1e+06
2010	"Togo"	0
2010	"Tonga"	0
2010	"Trinidad and Tobago"	6.2e+08
2010	"Tunisia"	3e+07
2010	"Turkey"	4.95e+08
2010	"Turkmenistan"	1e+06
2010	"Tuvalu"	0
2010	"Uganda"	6e+06
2010	"Ukraine"	1.45e+08
2010	"United Arab Emirates"	1.68e+08
2010	"United Kingdom"	3.8839e+10
2010	"Uruguay"	-1.1e+07
2010	"Uzbekistan"	3e+06
2010	"Vanuatu"	NA
2010	"Venezuela"	4.7e+08
2010	"Vietnam"	6.8e+07
2010	"Yemen"	NA
2010	"Zambia"	1.8e+07
2010	"Zimbabwe"	NA
2011	"Afghanistan"	-1e+06
2011	"Albania"	0
2011	"Algeria"	5.82e+08
2011	"Andorra"	0
2011	"Angola"	7.07e+08
2011	"Anguilla"	0
2011	"Antarctica"	0
2011	"Antigua and Barbuda"	0
2011	"Argentina"	2.607e+09
2011	"Armenia"	0
2011	"Aruba"	NA
2011	"Australia"	1.2561e+10
2011	"Austria"	1.923e+09
2011	"Azerbaijan"	NA
2011	"Bahamas"	2.865e+09
2011	"Bahrain"	1.09e+08
2011	"Bangladesh"	NA
2011	"Barbados"	4.677e+09
2011	"Belarus"	2e+06
2011	"Belgium"	4.36e+09
2011	"Belize"	-7e+06
2011	"Benin"	0
2011	"Bermuda"	2.2013e+10
2011	"Bhutan"	0
2011	"Bolivia"	8e+06
2011	"Bosnia and Herzegovina"	1e+06
2011	"Botswana"	3e+06
2011	"Brazil"	1.026e+10
2011	"British Indian Ocean Territory"	0
2011	"Brunei Darussalam"	-5e+06
2011	"Bulgaria"	NA
2011	"Burkina Faso"	0
2011	"Burundi"	0
2011	"Cambodia"	7e+06
2011	"Cameroon"	-4e+06
2011	"Canada"	4.668e+10
2011	"Cape Verde"	0
2011	"Cayman Islands"	1.2612e+10
2011	"Central African Republic"	NA
2011	"Chad"	NA
2011	"Chile"	4.192e+09
2011	"China"	-1.087e+09
2011	"Christmas Island"	0
2011	"Colombia"	6.4e+08
2011	"Comoros"	0
2011	"Congo"	-4.3e+07
2011	"Congo, the Democratic Republic of the"	NA
2011	"Costa Rica"	2.05e+08
2011	"Côte d'Ivoire"	-1e+07
2011	"Croatia"	8.3e+07
2011	"Cuba"	0
2011	"Cyprus"	-1.6e+07
2011	"Czech Republic"	6.48e+08
2011	"Denmark"	6.688e+09
2011	"Djibouti"	1e+06
2011	"Dominica"	-1e+07
2011	"Dominican Republic"	9.9e+07
2011	"Ecuador"	1.01e+08
2011	"Egypt"	2.333e+09
2011	"El Salvador"	3e+07
2011	"Equatorial Guinea"	4e+07
2011	"Eritrea"	1e+06
2011	"Estonia"	NA
2011	"Ethiopia"	4e+06
2011	"Fiji"	-3e+07
2011	"Finland"	3.24e+08
2011	"France"	1.823e+09
2011	"French Polynesia"	NA
2011	"French Southern Territories"	0
2011	"Gabon"	9.4e+07
2011	"Gambia"	0
2011	"Georgia"	0
2011	"Germany"	7.968e+09
2011	"Ghana"	3.28e+08
2011	"Gibraltar"	5.886e+09
2011	"Greece"	-3.41e+08
2011	"Greenland"	0
2011	"Grenada"	0
2011	"Guatemala"	6.4e+07
2011	"Guinea"	NA
2011	"Guinea-Bissau"	0
2011	"Guyana"	NA
2011	"Haiti"	NA
2011	"Holy See"	0
2011	"Honduras"	-1.07e+08
2011	"HongKong"	-1.95e+08
2011	"Hungary"	2.5e+07
2011	"Iceland"	NA
2011	"India"	2.023e+09
2011	"Indonesia"	2.031e+09
2011	"Iran, Islamic Republic of"	0
2011	"Iraq"	5.06e+08
2011	"Ireland"	2.2587e+10
2011	"Israel"	-3.82e+08
2011	"Italy"	1.487e+09
2011	"Jamaica"	0
2011	"Japan"	4.81e+08
2011	"Jordan"	4.3e+07
2011	"Kazakhstan"	-6.8e+07
2011	"Kenya"	5e+06
2011	"Kiribati"	0
2011	"Korea, Dem. People's Republic of (North Korea)"	0
2011	"Korea, Republic of (South Korea)"	3.683e+09
2011	"Kuwait"	2.4e+07
2011	"Kyrgyzstan"	0
2011	"Lao People's Democratic Republic"	0
2011	"Latin America countries"	2.9404e+10
2011	"Latvia"	-5e+06
2011	"Lebanon"	1e+07
2011	"Lesotho"	0
2011	"Liberia"	1.09e+08
2011	"Libya"	3.14e+08
2011	"Liechtenstein"	NA
2011	"Lithuania"	NA
2011	"Luxembourg"	5.0184e+10
2011	"Macao"	-2.3e+07
2011	"Macedonia, the Former Yugoslav Republic of"	0
2011	"Madagascar"	3e+06
2011	"Malawi"	NA
2011	"Malaysia"	7.76e+08
2011	"Maldives"	-1e+06
2011	"Mali"	0
2011	"Malta"	2.72e+08
2011	"Marshall Islands"	NA
2011	"Mauritania"	0
2011	"Mauritius"	-5e+07
2011	"Mexico"	7.751e+09
2011	"Micronesia, Federal States of"	2e+06
2011	"Moldova, Republic of"	-1e+06
2011	"Mongolia"	9e+06
2011	"Montenegro, Republic of"	0
2011	"Morocco"	2.5e+07
2011	"Mozambique"	NA
2011	"Myanmar"	0
2011	"Namibia"	2e+06
2011	"Nauru"	0
2011	"Nepal"	1e+06
2011	"Netherlands"	7.5007e+10
2011	"New Zealand"	5.99e+08
2011	"Nicaragua"	3.5e+07
2011	"Niger"	0
2011	"Nigeria"	1.57e+08
2011	"Norway"	5.671e+09
2011	"Oman"	NA
2011	"Pakistan"	NA
2011	"Palau"	3e+06
2011	"Panama"	1.2e+08
2011	"Papua New Guinea"	-6.6e+07
2011	"Paraguay"	1.5e+07
2011	"Peru"	1.249e+09
2011	"Philippines"	2.32e+08
2011	"Pitcairn"	0
2011	"Poland"	-7.66e+08
2011	"Portugal"	3e+07
2011	"Qatar"	-2.04e+09
2011	"Romania"	6.4e+07
2011	"Russian Federation"	1.194e+09
2011	"Rwanda"	0
2011	"Samoa"	1e+06
2011	"San Marino"	0
2011	"Sao Tome and Principe"	NA
2011	"Saudi Arabia"	7.94e+08
2011	"Senegal"	-1.1e+07
2011	"Serbia, Republic of"	4e+06
2011	"Seychelles"	0
2011	"Sierra Leone"	NA
2011	"Singapore"	1.0159e+10
2011	"Slovakia"	NA
2011	"Slovenia"	NA
2011	"Solomon Islands"	0
2011	"Somalia"	0
2011	"South Africa"	6.21e+08
2011	"Spain"	7.17e+08
2011	"Sri Lanka"	-9e+06
2011	"St. Helena"	1e+06
2011	"St. Kitts and Nevis"	-1e+06
2011	"St. Lucia"	NA
2011	"St. Vincent and the Grenadines"	0
2011	"Sudan"	0
2011	"Suriname"	NA
2011	"Swaziland"	NA
2011	"Sweden"	1.599e+09
2011	"Switzerland"	9.151e+09
2011	"Syrian Arab Republic"	1e+06
2011	"Taiwan, Province of China"	-5.71e+08
2011	"Tajikistan"	0
2011	"Tanzania, United Republic of"	NA
2011	"Thailand"	1.792e+09
2011	"Timor-Leste"	1e+06
2011	"Togo"	0
2011	"Tonga"	0
2011	"Trinidad and Tobago"	4.3e+08
2011	"Tunisia"	-8.11e+08
2011	"Turkey"	3.193e+09
2011	"Turkmenistan"	-3e+06
2011	"Tuvalu"	0
2011	"Uganda"	1e+06
2011	"Ukraine"	6e+07
2011	"United Arab Emirates"	8.75e+08
2011	"United Kingdom"	2.7081e+10
2011	"Uruguay"	6e+07
2011	"Uzbekistan"	5e+06
2011	"Vanuatu"	NA
2011	"Venezuela"	2.174e+09
2011	"Vietnam"	1.66e+08
2011	"Yemen"	NA
2011	"Zambia"	-3e+06
2011	"Zimbabwe"	NA
2012	"Afghanistan"	-1e+06
2012	"Albania"	0
2012	"Algeria"	-7.53e+08
2012	"Andorra"	0
2012	"Angola"	-3.011e+09
2012	"Anguilla"	NA
2012	"Antarctica"	0
2012	"Antigua and Barbuda"	0
2012	"Argentina"	1.371e+09
2012	"Armenia"	0
2012	"Aruba"	NA
2012	"Australia"	2.2063e+10
2012	"Austria"	1.894e+09
2012	"Azerbaijan"	NA
2012	"Bahamas"	-1.433e+09
2012	"Bahrain"	-2.32e+08
2012	"Bangladesh"	NA
2012	"Barbados"	3.721e+09
2012	"Belarus"	2e+06
2012	"Belgium"	2.094e+09
2012	"Belize"	-1.9e+07
2012	"Benin"	0
2012	"Bermuda"	2.8694e+10
2012	"Bhutan"	0
2012	"Bolivia"	-5.2e+07
2012	"Bosnia and Herzegovina"	1e+06
2012	"Botswana"	4.5e+07
2012	"Brazil"	7.942e+09
2012	"British Indian Ocean Territory"	0
2012	"Brunei Darussalam"	1.7e+07
2012	"Bulgaria"	NA
2012	"Burkina Faso"	0
2012	"Burundi"	0
2012	"Cambodia"	1.8e+07
2012	"Cameroon"	6e+06
2012	"Canada"	2.6304e+10
2012	"Cape Verde"	0
2012	"Cayman Islands"	2.3025e+10
2012	"Central African Republic"	NA
2012	"Chad"	NA
2012	"Chile"	4.498e+09
2012	"China"	-3.482e+09
2012	"Christmas Island"	0
2012	"Colombia"	2.001e+09
2012	"Comoros"	0
2012	"Congo"	NA
2012	"Congo, the Democratic Republic of the"	NA
2012	"Costa Rica"	3.7e+07
2012	"Côte d'Ivoire"	-2.5e+07
2012	"Croatia"	-1.29e+08
2012	"Cuba"	0
2012	"Cyprus"	-2.7e+08
2012	"Czech Republic"	3.77e+08
2012	"Denmark"	7.06e+08
2012	"Djibouti"	1e+06
2012	"Dominica"	NA
2012	"Dominican Republic"	2.27e+08
2012	"Ecuador"	9.3e+07
2012	"Egypt"	2.16e+09
2012	"El Salvador"	4.3e+07
2012	"Equatorial Guinea"	2.69e+08
2012	"Eritrea"	1e+06
2012	"Estonia"	2.4e+07
2012	"Ethiopia"	4e+06
2012	"Fiji"	-2.7e+07
2012	"Finland"	-2e+07
2012	"France"	2.212e+09
2012	"French Polynesia"	NA
2012	"French Southern Territories"	0
2012	"Gabon"	7.8e+07
2012	"Gambia"	0
2012	"Georgia"	0
2012	"Germany"	5.933e+09
2012	"Ghana"	4.61e+08
2012	"Gibraltar"	4.19e+08
2012	"Greece"	-8.5e+07
2012	"Greenland"	0
2012	"Grenada"	0
2012	"Guatemala"	5.7e+07
2012	"Guinea"	NA
2012	"Guinea-Bissau"	0
2012	"Guyana"	NA
2012	"Haiti"	NA
2012	"Holy See"	0
2012	"Honduras"	6.5e+07
2012	"HongKong"	-1.854e+09
2012	"Hungary"	3.25e+08
2012	"Iceland"	NA
2012	"India"	4.116e+09
2012	"Indonesia"	1.536e+09
2012	"Iran, Islamic Republic of"	0
2012	"Iraq"	7.58e+08
2012	"Ireland"	2.2752e+10
2012	"Israel"	1.205e+09
2012	"Italy"	9.81e+08
2012	"Jamaica"	6.1e+07
2012	"Japan"	4.016e+09
2012	"Jordan"	6e+06
2012	"Kazakhstan"	3.6e+07
2012	"Kenya"	-1.45e+08
2012	"Kiribati"	0
2012	"Korea, Dem. People's Republic of (North Korea)"	0
2012	"Korea, Republic of (South Korea)"	2.406e+09
2012	"Kuwait"	1.73e+08
2012	"Kyrgyzstan"	0
2012	"Lao People's Democratic Republic"	0
2012	"Latin America countries"	3.3021e+10
2012	"Latvia"	0
2012	"Lebanon"	-3e+07
2012	"Lesotho"	0
2012	"Liberia"	-1.9e+07
2012	"Libya"	3.53e+08
2012	"Liechtenstein"	NA
2012	"Lithuania"	NA
2012	"Luxembourg"	3.2803e+10
2012	"Macao"	5.55e+08
2012	"Macedonia, the Former Yugoslav Republic of"	0
2012	"Madagascar"	3e+06
2012	"Malawi"	NA
2012	"Malaysia"	2.467e+09
2012	"Maldives"	-1e+06
2012	"Mali"	0
2012	"Malta"	2.1e+07
2012	"Marshall Islands"	NA
2012	"Mauritania"	0
2012	"Mauritius"	-8.6e+07
2012	"Mexico"	1.2628e+10
2012	"Micronesia, Federal States of"	2e+06
2012	"Moldova, Republic of"	-1e+06
2012	"Mongolia"	NA
2012	"Montenegro, Republic of"	0
2012	"Morocco"	8.7e+07
2012	"Mozambique"	NA
2012	"Myanmar"	0
2012	"Namibia"	2e+06
2012	"Nauru"	0
2012	"Nepal"	1e+06
2012	"Netherlands"	5.023e+10
2012	"New Zealand"	6.25e+08
2012	"Nicaragua"	-9.8e+07
2012	"Niger"	0
2012	"Nigeria"	2.762e+09
2012	"Norway"	4.901e+09
2012	"Oman"	NA
2012	"Pakistan"	-5e+07
2012	"Palau"	3e+06
2012	"Panama"	-1.62e+08
2012	"Papua New Guinea"	3.5e+07
2012	"Paraguay"	NA
2012	"Peru"	1.624e+09
2012	"Philippines"	7.7e+07
2012	"Pitcairn"	0
2012	"Poland"	5.16e+08
2012	"Portugal"	-6.8e+07
2012	"Qatar"	2.686e+09
2012	"Romania"	1.94e+08
2012	"Russian Federation"	1.586e+09
2012	"Rwanda"	0
2012	"Samoa"	1e+06
2012	"San Marino"	0
2012	"Sao Tome and Principe"	NA
2012	"Saudi Arabia"	1.62e+09
2012	"Senegal"	-1.4e+07
2012	"Serbia, Republic of"	1e+06
2012	"Seychelles"	0
2012	"Sierra Leone"	NA
2012	"Singapore"	1.5026e+10
2012	"Slovakia"	NA
2012	"Slovenia"	NA
2012	"Solomon Islands"	0
2012	"Somalia"	0
2012	"South Africa"	2.5e+08
2012	"Spain"	-9.35e+08
2012	"Sri Lanka"	8e+06
2012	"St. Helena"	1e+06
2012	"St. Kitts and Nevis"	-1e+06
2012	"St. Lucia"	6.4e+07
2012	"St. Vincent and the Grenadines"	0
2012	"Sudan"	0
2012	"Suriname"	NA
2012	"Swaziland"	NA
2012	"Sweden"	-2.06e+08
2012	"Switzerland"	1.6711e+10
2012	"Syrian Arab Republic"	0
2012	"Taiwan, Province of China"	3.32e+08
2012	"Tajikistan"	0
2012	"Tanzania, United Republic of"	NA
2012	"Thailand"	2.323e+09
2012	"Timor-Leste"	1e+06
2012	"Togo"	0
2012	"Tonga"	0
2012	"Trinidad and Tobago"	2.137e+09
2012	"Tunisia"	-1e+07
2012	"Turkey"	1.336e+09
2012	"Turkmenistan"	-9e+06
2012	"Tuvalu"	0
2012	"Uganda"	-3e+06
2012	"Ukraine"	1.28e+08
2012	"United Arab Emirates"	1.808e+09
2012	"United Kingdom"	4.6815e+10
2012	"Uruguay"	1.41e+08
2012	"Uzbekistan"	9e+06
2012	"Vanuatu"	NA
2012	"Venezuela"	2.833e+09
2012	"Vietnam"	1.04e+08
2012	"Yemen"	NA
2012	"Zambia"	0
2012	"Zimbabwe"	NA
